"Method","Correlation"
"Raw",0.754124493301419
"Exclusion",0.828533190043792
"Weighting",0.83378093532701
"Adjustment",0.955475946576598
